City_ID,City,Lat,Lng,Max Temp,Humidity,Cloudiness,Wind Speed,Country,Date
0,tralee,52.2704,-9.7026,44.56,88,100,8.34,IE,1706320530
1,bethel,41.3712,-73.414,42.94,87,100,3.44,US,1706320234
2,puerto natales,-51.7236,-72.4875,46.6,70,100,13.27,CL,1706320530
3,chibougamau,49.9168,-74.3659,26.22,93,100,0.0,CA,1706320245
4,vila franca do campo,37.7167,-25.4333,64.89,99,100,15.57,PT,1706320531
5,marsala,37.7966,12.4352,53.92,87,0,4.61,IT,1706320531
6,usinsk,65.9939,57.5281,15.08,95,99,13.0,RU,1706320531
7,ushuaia,-54.8,-68.3,55.06,76,75,6.91,AR,1706320285
8,longyearbyen,78.2186,15.6401,30.04,64,0,17.27,SJ,1706320531
9,callao,-12.0667,-77.15,81.72,78,0,12.66,PE,1706320300
10,huainan,32.6264,116.9969,40.35,41,46,5.5,CN,1706320531
11,tiksi,71.6872,128.8694,-17.36,97,100,10.74,RU,1706320267
12,waitangi,-43.9535,-176.5597,64.81,79,47,5.01,NZ,1706320532
13,port mathurin,-19.6833,63.4167,81.7,81,100,3.78,MU,1706320532
14,aasiaat,68.7098,-52.8699,-17.23,99,100,5.68,GL,1706320532
15,muar,2.0442,102.5689,83.03,80,65,12.86,MY,1706320532
16,pekan,3.4836,103.3996,78.91,87,49,12.8,MY,1706320532
17,blackmans bay,-43.0167,147.3167,68.13,65,34,15.21,AU,1706320532
18,berdigestyakh,62.0989,126.6992,-19.25,97,100,7.05,RU,1706320532
19,bredasdorp,-34.5322,20.0403,66.47,90,55,4.21,ZA,1706320532
20,tazovsky,67.4667,78.7,0.93,95,100,6.53,RU,1706320533
21,albany,42.6001,-73.9662,39.63,85,100,1.01,US,1706320234
22,alofi,-19.0595,-169.9187,81.48,84,59,19.6,NU,1706320279
23,port-aux-francais,-49.35,70.2167,45.48,91,100,33.44,TF,1706320533
24,malabar,-33.9667,151.25,73.13,78,75,4.61,AU,1706320533
25,nemuro,43.3236,145.575,31.17,73,27,19.53,JP,1706320534
26,adamstown,-25.066,-130.1015,76.24,71,100,6.26,PN,1706320534
27,onega,63.9061,38.1404,6.93,100,100,3.67,RU,1706320534
28,weno,7.4515,151.8468,80.94,74,100,13.78,FM,1706320534
29,grytviken,-54.2811,-36.5092,37.26,95,100,3.83,GS,1706320534
30,avarua,-21.2078,-159.775,84.25,84,100,4.61,CK,1706320534
31,libenge,3.65,18.6333,71.06,39,12,4.16,CD,1706320535
32,arraial do cabo,-22.9661,-42.0278,74.7,89,6,19.84,BR,1706320535
33,quellon,-43.1167,-73.6167,59.99,83,100,5.19,CL,1706320535
34,severo-yeniseyskiy,60.3725,93.0408,3.0,96,100,4.36,RU,1706320535
35,puerto ayora,-0.7393,-90.3518,78.55,95,62,1.99,EC,1706320535
36,urucara,-2.5364,-57.76,76.21,96,100,1.01,BR,1706320535
37,hachinohe,40.5,141.5,39.38,65,75,13.8,JP,1706320535
38,iqaluit,63.7506,-68.5145,-25.87,62,20,5.75,CA,1706320536
39,ribeira grande,38.5167,-28.7,63.77,97,100,15.99,PT,1706320536
40,lihue,21.9789,-159.3672,80.19,61,20,18.41,US,1706320536
41,uturoa,-16.7333,-151.4333,82.99,74,53,8.12,PF,1706320536
42,thompson,55.7435,-97.8558,23.16,93,100,6.91,CA,1706320364
43,mpanda,-6.3655,31.0409,67.01,95,100,1.77,TZ,1706320536
44,utrik,11.2278,169.8474,77.97,60,100,8.23,MH,1706320537
45,humberto de campos,-2.5983,-43.4611,80.29,80,97,7.52,BR,1706320537
46,edinburgh of the seven seas,-37.0676,-12.3116,62.46,83,38,11.14,SH,1706320537
47,kailua-kona,19.6406,-155.9956,82.51,74,20,13.8,US,1706320537
48,talnakh,69.4865,88.3972,9.21,91,100,16.46,RU,1706320537
49,bilibino,68.0546,166.4372,-39.71,100,100,1.05,RU,1706320537
50,ponta delgada,37.7333,-25.6667,65.19,94,75,14.97,PT,1706320537
51,serhetabat,35.2799,62.3438,45.52,74,100,2.66,TM,1706320537
52,oum hadjer,13.2954,19.6966,62.69,24,50,9.73,TD,1706320538
53,dunedin,-45.8742,170.5036,66.79,63,28,3.0,NZ,1706320297
54,whitehorse,60.7161,-135.0538,-3.23,84,100,4.61,CA,1706320343
55,zunyi,27.6867,106.9072,35.29,93,100,0.43,CN,1706320538
56,maqat,47.65,53.3167,18.97,91,20,11.81,KZ,1706320538
57,saltillo,25.4167,-101.0,65.28,30,4,11.01,MX,1706320538
58,olonkinbyen,70.9221,-8.7187,31.1,80,100,28.03,SJ,1706320539
59,wailua homesteads,22.0669,-159.378,79.59,70,20,18.41,US,1706320539
60,ruzayevka,54.0639,44.9509,22.53,96,97,8.59,RU,1706320539
61,invercargill,-46.4,168.35,63.01,69,38,14.0,NZ,1706320539
62,papatowai,-46.5619,169.4708,65.25,49,24,17.67,NZ,1706320539
63,pirane,-25.7324,-59.1088,73.38,51,0,7.87,AR,1706320539
64,gaspar hernandez,19.6289,-70.2811,75.25,83,0,9.57,DO,1706320540
65,porto novo,6.4965,2.6036,78.62,58,100,4.54,BJ,1706320540
66,monrovia,6.3005,-10.7969,80.15,85,11,2.68,LR,1706320540
67,kupang,-10.1667,123.5833,82.62,80,93,11.83,ID,1706320540
68,demre,36.2537,29.9777,45.9,52,0,8.46,TR,1706320540
69,fale old settlement,-9.3852,-171.2468,85.93,65,100,8.37,TK,1706320540
70,coquimbo,-29.9533,-71.3436,64.13,88,20,8.05,CL,1706320540
71,lydenburg,-25.0978,30.4597,57.67,95,13,0.38,ZA,1706320541
72,cabo san lucas,22.8909,-109.9124,74.52,64,0,1.01,MX,1706320241
73,qaqortoq,60.7167,-46.0333,-15.63,75,5,6.58,GL,1706320541
74,punta arenas,-53.15,-70.9167,50.11,71,0,19.57,CL,1706320541
75,micheweni,-4.9667,39.8333,80.31,84,100,3.98,TZ,1706320541
76,margaret river,-33.95,115.0667,72.82,44,0,6.11,AU,1706320541
77,thinadhoo,0.5333,72.9333,81.9,70,100,16.08,MV,1706320541
78,conde,-7.2597,-34.9075,80.06,89,20,4.61,BR,1706320541
79,udachny,66.4167,112.4,-39.35,100,51,3.69,RU,1706320542
80,enewetak,11.3474,162.3373,78.87,62,99,9.71,MH,1706320542
81,yellowknife,62.456,-114.3525,-6.59,84,100,9.22,CA,1706320542
82,antonio enes,-16.2325,39.9086,73.76,90,49,6.82,MZ,1706320542
83,moissala,8.3404,17.7663,69.58,27,41,5.53,TD,1706320542
84,saldanha,-33.0117,17.9442,60.85,96,100,6.71,ZA,1706320542
85,ilulissat,69.2167,-51.1,-2.18,42,100,6.91,GL,1706320542
86,nogliki,51.8333,143.1667,10.35,92,100,11.01,RU,1706320543
87,keflavik,64.0049,-22.5624,30.11,86,75,36.82,IS,1706320543
88,saint croix,17.7397,-64.7388,77.45,75,0,11.5,VI,1706320543
89,novyy oskol,50.7631,37.8691,32.59,99,100,1.41,RU,1706320543
90,namdrik,5.5994,168.1028,81.68,75,100,13.38,MH,1706320543
91,bettiah,26.8,84.5,49.39,62,98,2.3,IN,1706320543
92,north bend,43.4065,-124.2243,58.15,94,100,10.36,US,1706320523
93,west island,-12.1568,96.8225,84.18,84,75,5.75,CC,1706320543
94,haiku-pauwela,20.9219,-156.3051,80.17,70,100,12.66,US,1706320544
95,stanley,54.868,-1.6985,43.52,88,20,9.22,GB,1706320544
96,crane,31.3974,-102.3501,56.03,43,44,11.12,US,1706320544
97,luderitz,-26.6481,15.1594,67.03,74,0,6.67,NA,1706320544
98,al kharj,24.155,47.3346,68.58,48,49,5.66,SA,1706320544
99,port elizabeth,-33.918,25.5701,72.1,90,100,13.8,ZA,1706320454
100,georgetown,5.4112,100.3354,84.13,76,20,9.22,MY,1706320385
101,cockburn town,21.4612,-71.1419,73.36,83,40,13.8,TC,1706320545
102,morant bay,17.8815,-76.4093,78.42,85,8,10.47,JM,1706320545
103,warrenton,-28.114,24.8475,74.43,42,100,9.4,ZA,1706320545
104,plainview,40.7765,-73.4673,44.74,91,100,6.91,US,1706320545
105,anamur,36.0751,32.8369,46.18,58,0,10.36,TR,1706320545
106,vorgashor,67.5833,63.95,9.55,96,96,6.67,RU,1706320546
107,kupino,54.3663,77.2981,2.03,95,76,8.66,RU,1706320546
108,eydhafushi,5.1033,73.0708,81.73,70,69,18.34,MV,1706320546
109,shambu,9.5667,37.1,55.35,61,99,0.89,ET,1706320546
110,al bayda',32.7627,21.7551,47.53,83,66,14.52,LY,1706320546
111,isafjordur,66.0755,-23.124,23.16,89,77,9.55,IS,1706320546
112,fernandopolis,-20.2839,-50.2464,68.77,62,3,7.18,BR,1706320546
113,jiquilisco,13.3167,-88.5833,79.65,69,0,2.98,SV,1706320546
114,vilyuchinsk,52.9306,158.4028,25.07,84,100,3.06,RU,1706320547
115,chipinge,-20.1883,32.6236,56.59,79,0,2.82,ZW,1706320547
116,pemba,-12.974,40.5178,75.49,86,100,6.29,MZ,1706320547
117,west valley,46.5921,-120.6051,35.82,94,100,3.44,US,1706320547
118,male,4.1748,73.5089,82.35,74,20,17.27,MV,1706320547
119,anadyr,64.75,177.4833,-25.01,74,20,11.18,RU,1706320547
120,touros,-5.1989,-35.4608,81.14,78,93,10.45,BR,1706320547
121,st. john's,47.5649,-52.7093,21.97,80,75,26.46,CA,1706320547
122,hongwon,40.0253,127.9558,30.24,67,6,1.21,KP,1706320548
123,makokou,0.5738,12.8642,74.08,69,75,2.75,GA,1706320548
124,hirara,24.8,125.2833,64.67,68,75,10.36,JP,1706320548
125,nar'yan-mar,67.6713,53.087,12.11,97,94,5.99,RU,1706320548
126,urangan,-25.3,152.9,83.66,81,98,13.33,AU,1706320548
127,petropavlovsk-kamchatsky,53.0452,158.6483,23.59,81,75,11.18,RU,1706320548
128,bardai,11.65,7.2333,59.4,26,4,14.07,NG,1706320549
129,salinopolis,-0.6136,-47.3561,79.03,87,87,10.45,BR,1706320549
130,zyryanskoye,56.8306,86.6258,3.25,95,91,5.95,RU,1706320549
131,hithadhoo,-0.6,73.0833,82.49,67,50,14.52,MV,1706320549
132,yelm,46.942,-122.606,49.77,98,100,0.38,US,1706320549
133,bonthe,7.5264,-12.505,79.39,88,3,3.36,SL,1706320549
134,bang krathum,16.5783,100.3003,79.99,53,99,1.36,TH,1706320549
135,port lincoln,-34.7333,135.8667,67.95,53,0,11.97,AU,1706320550
136,college,64.8569,-147.8028,-35.91,55,20,0.0,US,1706320550
137,sungai raya,0.7,108.9,83.84,72,18,9.42,ID,1706320550
138,dudinka,69.4058,86.1778,9.68,91,100,21.0,RU,1706320550
139,santa marta,11.2408,-74.199,84.25,61,55,12.66,CO,1706320277
140,gangtok,27.3333,88.6167,40.03,51,17,3.11,IN,1706320550
141,caleta de carquin,-11.0925,-77.6267,75.74,78,94,8.75,PE,1706320550
142,san clemente del tuyu,-36.3569,-56.7235,71.98,74,0,19.19,AR,1706320551
143,turiacu,-1.6633,-45.3717,75.63,96,100,3.98,BR,1706320551
144,bodaybo,57.8506,114.1933,-9.17,97,100,2.84,RU,1706320551
145,qamdo,31.1667,97.2333,13.03,45,68,6.62,CN,1706320551
146,lerwick,60.1545,-1.1494,46.4,82,100,33.42,GB,1706320551
147,navadwip,23.4167,88.3667,57.11,46,100,3.8,IN,1706320551
148,abay,49.6311,72.8539,7.18,93,100,16.62,KZ,1706320552
149,flying fish cove,-10.4217,105.6791,83.88,74,40,5.75,CX,1706320384
150,ketchikan,55.3422,-131.6461,48.18,93,100,13.8,US,1706320552
151,ust-nera,64.5667,143.2,-37.37,96,65,1.25,RU,1706320289
152,fort st. john,56.2499,-120.8529,39.09,70,75,10.36,CA,1706320552
153,piti village,13.4626,144.6933,83.28,75,100,16.11,GU,1706320552
154,selfoss,63.9331,-20.9971,28.04,57,99,26.11,IS,1706320552
155,luang namtha,20.9497,101.4011,66.22,94,100,2.3,LA,1706320552
156,kodiak,57.79,-152.4072,24.31,63,20,17.27,US,1706320553
157,igarka,67.4667,86.5833,7.68,93,100,18.37,RU,1706320553
158,oak island,33.9166,-78.1611,64.45,96,100,6.91,US,1706320553
159,yanam,16.7333,82.2167,72.48,86,40,4.65,IN,1706320553
160,la passe,45.5549,-0.8967,50.99,96,100,5.12,FR,1706320553
161,trincomalee,8.5711,81.2335,79.21,73,38,11.27,LK,1706320553
162,ambon,-3.6954,128.1814,89.74,58,40,17.27,ID,1706320553
163,atafu village,-8.5421,-172.5159,85.21,73,100,10.36,TK,1706320554
164,eyl,7.9803,49.8164,75.65,92,19,6.22,SO,1706320554
165,alo,7.4178,6.7371,74.21,22,33,3.11,NG,1706320554
166,merizo village,13.2658,144.6691,82.96,82,11,14.27,GU,1706320554
167,katsuren-haebaru,26.3369,127.8719,64.78,57,100,5.75,JP,1706320260
168,forster,-32.1667,152.5167,76.28,78,100,7.67,AU,1706320554
169,port saint john's,-31.6229,29.5448,73.99,76,86,6.11,ZA,1706320554
170,ugoofaaru,5.6667,73.0,81.63,72,71,16.73,MV,1706320554
171,badger,64.8,-147.5333,-36.0,67,20,0.0,US,1706320555
172,hafnarfjordur,64.0671,-21.9377,30.07,80,100,9.22,IS,1706320555
173,la sarre,48.8002,-79.1996,29.19,96,100,1.72,CA,1706320555
174,verkhnevilyuysk,63.4453,120.3167,-39.33,100,97,4.29,RU,1706320555
175,gulf breeze,30.3571,-87.1639,65.19,95,0,3.44,US,1706320555
176,diamantino,-14.4086,-56.4461,74.03,55,0,1.99,BR,1706320367
177,mount gambier,-37.8333,140.7667,69.26,48,64,12.97,AU,1706320265
178,raypur,22.4108,88.5094,57.16,36,100,6.35,IN,1706320556
179,tsiombe,-25.3,45.4833,70.79,79,0,10.6,MG,1706320556
180,nadym,65.5333,72.5167,10.06,94,100,8.79,RU,1706320280
181,beloyarskiy,63.7119,66.6722,10.0,96,100,4.0,RU,1706320556
182,homosassa springs,28.8036,-82.5759,71.22,90,100,0.0,US,1706320556
183,taoudenni,22.6783,-3.9836,63.5,23,0,10.27,ML,1706320556
184,wuzhou,23.4833,111.3167,46.27,81,100,3.38,CN,1706320557
185,revda,56.801,59.9303,6.37,95,100,3.87,RU,1706320262
186,florida,28.7505,-82.5001,70.99,90,100,0.0,US,1706319933
187,knyaze-volkonskoye,48.4642,135.4567,-3.66,98,54,3.0,RU,1706320557
188,santa elena de uairen,4.6167,-61.1333,73.22,59,94,6.46,VE,1706320557
189,port macquarie,-31.4333,152.9167,77.9,89,100,6.31,AU,1706320524
190,bandar lampung,-5.4254,105.258,82.09,77,26,6.91,ID,1706320557
191,el calafate,-50.3408,-72.2768,49.69,72,63,15.86,AR,1706320558
192,egilsstadir,65.2653,-14.3948,28.31,59,0,12.66,IS,1706320558
193,macka,40.8186,39.6136,36.75,97,100,2.04,TR,1706320558
194,puerto leguizamo,-0.1934,-74.7819,77.95,61,30,0.78,CO,1706320558
195,donnacona,46.6804,-71.7239,28.71,86,100,2.3,CA,1706320558
196,remire-montjoly,4.9167,-52.2667,80.64,78,0,8.05,GF,1706320558
197,hawaiian paradise park,19.5933,-154.9731,80.87,75,100,10.36,US,1706320558
198,phang nga,8.4509,98.5298,84.24,70,15,5.88,TH,1706320559
199,bovalino,38.149,16.174,53.35,70,30,4.9,IT,1706320559
200,chonchi,-42.6128,-73.8092,62.31,93,100,2.77,CL,1706320559
201,kone,-21.0595,164.8658,89.29,48,48,4.74,NC,1706320285
202,chamical,-30.36,-66.314,78.76,30,1,15.19,AR,1706320559
203,lang suan,9.9456,99.0785,80.08,82,29,11.43,TH,1706320559
204,hamilton,39.1834,-84.5333,47.03,89,100,6.91,US,1706320338
205,ulladulla,-35.35,150.4667,75.34,59,82,13.62,AU,1706320559
206,toliara,-23.35,43.6667,71.8,73,0,9.04,MG,1706320559
207,at taj,24.2049,23.2857,47.57,63,1,6.06,LY,1706320560
208,axum,14.1245,38.7244,58.77,55,100,1.52,ET,1706320560
209,salekhard,66.53,66.6019,3.76,98,94,1.23,RU,1706320560
210,iskateley,67.6803,53.1512,12.02,97,94,5.99,RU,1706320560
211,saipan,15.1355,145.701,79.5,78,100,20.71,MP,1706320560
212,nova sintra,14.8667,-24.7167,70.66,72,71,6.06,CV,1706320560
213,whakatane,-37.9585,176.9854,73.51,77,100,3.0,NZ,1706320560
214,east london,-33.0153,27.9116,72.25,77,100,14.16,ZA,1706320560
215,uren',57.4552,45.7852,8.94,98,98,3.22,RU,1706320561
216,watampone,-4.5386,120.3279,85.32,68,100,3.56,ID,1706320561
217,waliso,8.5333,37.9833,63.79,53,97,2.08,ET,1706320561
218,church hill,36.5223,-82.7135,57.83,90,100,1.99,US,1706320561
219,ust'-kulom,61.6864,53.6902,18.05,95,100,5.64,RU,1706320561
220,praia da vitoria,38.7333,-27.0667,62.85,94,20,15.17,PT,1706320561
221,geraldton,-28.7667,114.6,90.01,31,0,14.97,AU,1706320514
222,san vicente de canete,-13.0751,-76.3835,74.32,83,88,4.27,PE,1706320562
223,saynshand,44.8824,110.1163,-3.98,88,16,4.47,MN,1706320562
224,ancud,-41.8697,-73.8203,59.47,98,100,5.39,CL,1706320562
225,lompoc,34.6391,-120.4579,64.94,62,0,8.99,US,1706320562
226,namibe,-15.1961,12.1522,76.64,79,7,2.44,AO,1706320562
227,timaru,-44.4,171.25,81.07,14,6,11.99,NZ,1706320563
228,aldama,22.9167,-98.0667,74.5,96,0,2.01,MX,1706320563
229,fuglafjordur,62.244,-6.814,43.27,84,100,29.28,FO,1706320563
230,ribeira brava,32.65,-17.0667,70.0,38,97,8.16,PT,1706320563
231,jamestown,42.097,-79.2353,37.02,100,100,3.44,US,1706320275
232,pico truncado,-46.7949,-67.9573,71.44,33,83,33.84,AR,1706320564
233,gaitania,3.0906,-75.6723,77.2,71,60,5.03,CO,1706320564
234,kingston,17.997,-76.7936,77.95,87,75,5.75,JM,1706320334
235,enriquillo,17.9,-71.2333,75.61,82,2,13.91,DO,1706320564
236,tura,25.5198,90.2201,57.83,43,2,2.17,IN,1706320564
237,kingman,35.1894,-114.053,53.08,39,0,13.8,US,1706320565
238,cole harbour,44.6724,-63.4751,33.28,93,100,1.99,CA,1706320565
239,cedral,23.8,-100.7333,67.15,17,0,5.41,MX,1706320565
240,minas de marcona,-15.2119,-75.1103,66.74,80,24,9.37,PE,1706320565
241,susuman,62.7833,148.1667,-36.33,98,87,1.14,RU,1706320565
242,mar del plata,-38.0023,-57.5575,71.94,82,0,28.99,AR,1706320566
243,jertih,5.7336,102.4897,78.24,88,71,6.87,MY,1706320566
244,natal,-5.795,-35.2094,83.05,78,20,6.91,BR,1706320405
245,pokhvistnevo,53.6524,52.1274,7.5,93,100,4.12,RU,1706320566
246,east ballina,-28.8667,153.5833,85.8,78,100,9.53,AU,1706320566
247,margate,51.3813,1.3862,39.69,79,88,1.99,GB,1706320284
248,melekeok village,7.4957,134.6367,79.36,89,100,11.5,PW,1706320566
249,devils lake,48.1128,-98.8651,26.58,86,0,8.05,US,1706320549
250,emerald,-23.5333,148.1667,97.66,40,100,9.04,AU,1706320567
251,holualoa,19.6228,-155.9522,78.78,74,20,13.8,US,1706320567
252,sweetwater,25.7634,-80.3731,76.01,89,20,10.36,US,1706320567
253,medina,24.4686,39.6142,59.43,55,0,2.3,SA,1706320567
254,ocean shores,46.9737,-124.1563,51.03,97,100,12.66,US,1706320567
255,kasane,-17.8167,25.15,61.74,67,90,4.05,BW,1706320567
256,banda aceh,5.5577,95.3222,81.77,78,87,8.57,ID,1706320568
257,guerrero negro,27.9769,-114.0611,67.1,54,100,2.42,MX,1706320568
258,paphos,34.7667,32.4167,46.18,76,29,8.05,CY,1706320568
259,bubaque,11.2833,-15.8333,78.51,72,4,5.68,GW,1706320568
260,paradip garh,20.3167,86.6167,64.99,65,5,7.25,IN,1706320568
261,presidencia de la plaza,-27.0015,-59.8424,70.66,55,0,5.64,AR,1706320568
262,ambodifotatra,-16.9833,49.85,77.81,79,59,9.75,MG,1706320568
263,sipocot,13.768,122.9762,78.35,65,79,14.41,PH,1706320569
264,mata-utu,-13.2816,-176.1745,82.06,80,100,13.04,WF,1706320569
265,nagothana,18.5333,73.1333,71.35,41,100,3.38,IN,1706320569
266,el charco,2.4769,-78.1105,77.07,92,100,2.04,CO,1706320569
267,igrim,63.1906,64.4162,11.35,96,100,5.1,RU,1706320569
268,birendranagar,28.6019,81.6339,45.99,42,0,4.27,NP,1706320569
269,hartford city,40.4511,-85.37,39.87,93,100,6.24,US,1706320570
270,fortuna,40.5982,-124.1573,61.14,75,100,20.71,US,1706320570
271,chegdomyn,51.1167,133.0167,-2.51,91,78,1.32,RU,1706320570
272,gulma,12.6423,4.3555,66.42,22,47,12.77,NG,1706320570
273,oume,35.7839,139.2431,49.01,24,0,16.11,JP,1706320570
274,novo aripuana,-5.1206,-60.3797,73.53,99,100,2.48,BR,1706320570
275,corner brook,48.9667,-57.9484,23.16,98,99,3.74,CA,1706320570
276,hasaki,35.7333,140.8333,45.0,44,3,2.51,JP,1706320571
277,novopskov,49.5464,39.0899,32.99,99,100,3.78,UA,1706320571
278,general roca,-39.0333,-67.5833,91.98,17,69,6.24,AR,1706320571
279,akjoujt,19.6969,-14.4164,66.52,13,16,11.74,MR,1706320571
280,ifanadiana,-21.3,47.6333,65.73,98,100,1.01,MG,1706320571
281,suwalki,54.1118,22.9309,30.15,97,100,8.37,PL,1706320571
282,arkhangel'sk,64.5401,40.5433,26.71,100,100,2.24,RU,1706320572
283,umm kaddadah,13.6017,26.6876,55.44,35,31,15.41,SD,1706320572
284,peace river,56.2501,-117.286,26.91,100,75,9.22,CA,1706320491
285,semenyih,2.9516,101.843,87.48,72,38,7.4,MY,1706320572
286,aykhal,66.0,111.5,-26.63,100,15,4.81,RU,1706320572
287,puerto maldonado,-12.6,-69.1833,73.69,97,85,2.26,PE,1706320573
288,broome,42.2506,-75.833,41.7,92,100,10.36,US,1706320573
289,la libertad,-2.2333,-80.9,77.29,82,86,8.12,EC,1706320573
290,stornoway,58.2093,-6.3865,48.16,79,100,31.07,GB,1706320573
291,warrnambool,-38.3833,142.4833,65.21,65,99,20.67,AU,1706320573
292,envira,-7.3,-70.2167,73.94,93,100,2.75,BR,1706320573
293,ruteng,-8.6136,120.4721,72.9,71,81,4.27,ID,1706320573
294,jinghong,21.991,100.7341,61.92,97,98,1.79,CN,1706320574
295,tulun,54.5611,100.5792,-10.8,99,28,0.6,RU,1706320574
296,changzhou,31.7833,119.9667,40.84,40,3,3.58,CN,1706320574
297,tolanaro,-25.0319,46.9987,73.47,78,40,6.91,MG,1706320574
298,midvagur,62.0511,-7.1939,43.63,87,100,25.32,FO,1706320574
299,constantia,44.1833,28.65,30.88,73,30,8.57,RO,1706320574
300,christchurch,-43.5333,172.6333,84.4,18,0,18.41,NZ,1706320574
301,road town,18.4167,-64.6167,78.84,69,40,12.66,VG,1706320521
302,bamboo flat,11.7,92.7167,78.89,89,75,6.91,IN,1706320575
303,strezhevoy,60.7333,77.5889,10.96,96,99,5.01,RU,1706320575
304,vorkuta,67.5,64.0,9.52,96,97,6.26,RU,1706320575
305,tomatlan,19.9333,-105.25,69.08,88,0,0.81,MX,1706320329
306,sao vicente,-23.9631,-46.3919,73.58,26,69,4.07,BR,1706320575
307,staraya vichuga,57.2683,41.8787,5.74,99,93,3.67,RU,1706320576
308,kabalo,-6.05,26.9167,68.83,97,100,1.66,CD,1706320576
309,kuta,-8.7233,115.1723,82.35,83,20,5.01,ID,1706320576
310,baikonur,45.6167,63.3167,13.6,74,96,10.74,KZ,1706320576
311,houghton,47.1219,-88.569,36.88,95,100,0.0,US,1706320576
312,tazacorte,28.629,-17.9293,68.14,39,0,3.44,ES,1706320576
313,colonia menno,-22.3667,-59.8167,77.02,38,0,8.21,PY,1706320576
314,san pedro,14.35,121.0167,81.32,63,20,8.01,PH,1706320576
315,dausa,26.8833,76.3333,49.17,65,61,1.57,IN,1706320577
316,soio,-6.1349,12.3689,80.13,86,100,6.08,AO,1706320577
317,cacapava do sul,-30.5122,-53.4914,61.21,81,99,7.65,BR,1706320577
318,chapaev,50.2,51.1667,15.4,94,98,7.83,KZ,1706320577
319,kovel,51.2153,24.7087,29.84,96,100,7.11,UA,1706320577
320,la porte,29.6658,-95.0194,63.18,97,100,0.89,US,1706320577
321,stepnoye,51.4,46.8667,20.84,96,99,9.64,RU,1706320577
322,kununurra,-15.7667,128.7333,85.98,74,100,5.75,AU,1706320578
323,zhaqsy,51.9083,67.3133,4.26,97,95,12.53,KZ,1706320578
324,zhezqazghan,47.7833,67.7667,-10.62,84,40,8.95,KZ,1706320578
325,natchitoches,31.7668,-93.1335,61.65,100,100,6.91,US,1706320578
326,la ronge,55.1001,-105.2842,23.25,93,100,6.91,CA,1706320578
327,krasnozerskoye,53.9828,79.2374,6.33,93,61,8.19,RU,1706320579
328,dryden,49.7833,-92.7503,28.69,93,100,9.22,CA,1706320579
329,gadzhiyevo,69.2551,33.3362,20.98,91,100,13.96,RU,1706320579
330,vilyuysk,63.7553,121.6247,-40.0,100,92,4.0,RU,1706320308
331,rabo de peixe,37.8,-25.5833,63.99,99,75,14.97,PT,1706320579
332,kabo,7.6994,18.629,69.85,27,8,4.65,CF,1706320579
333,port alfred,-33.5906,26.891,67.17,94,99,4.0,ZA,1706320316
334,axim,4.8699,-2.2405,79.0,85,7,4.34,GH,1706320580
335,kingscliff,-28.2667,153.5667,92.77,74,100,8.05,AU,1706320580
336,kirensk,57.7853,108.1119,-24.03,99,43,5.01,RU,1706320580
337,dzhalagash,45.0833,64.6667,14.54,83,97,11.01,KZ,1706320580
338,rongelap,11.1635,166.8941,78.31,59,100,9.15,MH,1706320580
339,rahatgarh,23.7833,78.3667,52.88,38,18,3.94,IN,1706320580
340,wayne,42.2506,-83.2833,39.25,94,100,6.91,US,1706320580
341,seydi,39.4816,62.9137,34.2,71,100,10.58,TM,1706320581
342,queenstown,-31.8976,26.8753,72.45,39,100,5.75,ZA,1706320581
343,brookings,44.3114,-96.7984,28.4,93,100,4.61,US,1706320581
344,pacocha,-17.5833,-71.3333,72.39,87,48,5.23,PE,1706320581
345,bambanglipuro,-7.95,110.2833,83.14,75,20,4.12,ID,1706320581
346,prado,-17.3411,-39.2208,76.53,98,100,9.46,BR,1706320371
347,manga,11.6636,-1.0731,66.63,21,4,8.5,BF,1706320582
348,jiuquan,39.7432,98.5174,17.2,33,95,2.35,CN,1706320582
349,kirakira,-10.4544,161.9205,84.78,74,100,12.53,SB,1706320582
350,tamazunchale,21.2667,-98.7833,68.32,90,0,3.74,MX,1706320582
351,kandahar,31.0,65.75,51.42,69,81,7.27,AF,1706320582
352,as saffaniyah,27.9708,48.73,61.93,87,97,11.77,SA,1706320582
353,sanchor,24.7553,71.7722,56.75,28,82,6.04,IN,1706320582
354,bambamarca,-6.6833,-78.5333,57.13,95,95,3.22,PE,1706320583
355,nueva gerona,21.8833,-82.8,74.7,82,3,4.5,CU,1706320583
356,afaahiti,-17.75,-149.2833,78.67,76,52,8.68,PF,1706320583
357,mutuali,-14.8706,37.0044,64.2,96,98,2.42,MZ,1706320583
358,filey,54.21,-0.2892,40.68,86,4,7.0,GB,1706320583
359,cidreira,-30.1811,-50.2056,71.83,69,70,12.75,BR,1706320583
360,sangin,32.0728,64.8359,54.54,47,95,3.98,AF,1706320583
361,nykarleby,63.5228,22.5307,24.91,90,100,11.52,FI,1706320584
362,chimoio,-19.1164,33.4833,67.86,94,75,2.77,MZ,1706320584
363,tromso,69.6496,18.957,23.02,93,100,19.57,NO,1706320380
364,port moresby,-9.4431,147.1797,90.82,55,20,11.5,PG,1706320584
365,bikenibeu village,1.3673,173.1241,82.36,72,75,8.05,KI,1706320584
366,dali,25.7,100.1833,43.57,82,76,3.69,CN,1706320584
367,mitu,1.1983,-70.1733,78.3,72,84,1.9,CO,1706320584
368,felipe carrillo puerto,19.5833,-88.05,72.64,98,1,2.46,MX,1706320584
369,guatrache,-37.6678,-63.5302,79.88,27,6,16.75,AR,1706320585
370,zyryanovsk,49.7386,84.2719,-5.49,93,100,2.53,KZ,1706320585
371,salinas,36.6777,-121.6555,61.0,78,100,1.99,US,1706320585
372,bandarbeyla,9.4942,50.8122,76.53,89,37,5.82,SO,1706320585
373,hammerfest,70.6634,23.6821,19.85,68,100,18.41,NO,1706320585
374,vernon,50.2581,-119.2691,38.01,82,100,3.44,CA,1706320585
375,esmeraldas,-19.7625,-44.3139,71.74,88,100,3.15,BR,1706320586
376,sandnessjoen,66.0217,12.6316,34.32,76,40,24.49,NO,1706320586
377,neiafu,-18.65,-173.9833,86.68,79,75,16.11,TO,1706320586
378,nazarabad,35.9521,50.6075,38.21,80,100,8.86,IR,1706320586
379,new norfolk,-42.7826,147.0587,69.3,71,68,11.61,AU,1706320586
380,okhotsk,59.3833,143.3,-8.19,77,34,11.12,RU,1706320586
381,petauke,-14.2426,31.3253,62.78,85,63,4.03,ZM,1706320587
382,decorah,43.3033,-91.7857,36.52,100,100,4.61,US,1706320587
383,nikolayevsk-on-amure,53.1406,140.73,11.64,63,100,3.11,RU,1706320587
384,davos,46.8043,9.8372,30.11,97,99,4.25,CH,1706320587
385,puerto madryn,-42.7692,-65.0385,85.98,33,34,17.63,AR,1706320587
386,saint-philippe,-21.3585,55.7679,76.59,88,68,9.08,RE,1706320587
387,akureyri,65.6835,-18.0878,30.13,69,100,10.36,IS,1706320588
388,kuala belait,4.5833,114.1833,82.56,74,97,8.63,BN,1706320588
389,ceeldheer,3.8488,47.1806,78.04,82,30,4.92,SO,1706320588
390,sigli,5.3848,95.9609,80.85,82,66,5.61,ID,1706320588
391,timbuktu,16.7735,-3.0074,61.12,23,22,11.7,ML,1706320588
392,mili,6.0815,171.735,81.66,79,100,14.16,MH,1706320588
393,moires,35.0532,24.8744,56.16,66,1,7.43,GR,1706320588
394,northam,51.0333,-4.2167,40.24,87,100,9.53,GB,1706320589
395,nchelenge,-9.3451,28.734,69.51,89,96,2.06,ZM,1706320589
396,kuala terengganu,5.3302,103.1408,82.35,78,20,5.99,MY,1706320589
397,hanceville,34.0607,-86.7675,61.56,88,100,2.84,US,1706320589
398,kutum,14.2,24.6667,50.63,36,95,8.99,SD,1706320302
399,ghat,24.9647,10.1728,52.02,39,72,5.17,LY,1706320589
400,antsohihy,-14.8796,47.9875,72.36,94,5,0.96,MG,1706320589
401,pasuquin,18.3328,120.6177,76.95,61,75,5.75,PH,1706320590
402,bongor,10.2806,15.3722,66.6,23,49,9.35,TD,1706320590
403,aginskoye,51.1,114.53,3.72,80,28,3.69,RU,1706320590
404,inarajan village,13.2736,144.7484,83.37,82,13,14.61,GU,1706320590
405,kralendijk,12.15,-68.2667,80.58,78,20,13.8,BQ,1706320590
406,canarana,-11.6847,-41.7689,70.05,99,100,3.91,BR,1706320590
407,galliano,29.4422,-90.2992,66.2,88,40,8.05,US,1706320591
408,tabuk,17.4189,121.4443,72.21,66,64,1.72,PH,1706320591
409,pisco,-13.7,-76.2167,75.25,83,0,17.27,PE,1706320591
410,humahuaca,-23.2054,-65.3505,55.38,69,94,5.17,AR,1706320591
411,punta del este,-34.9667,-54.95,71.71,85,0,11.5,UY,1706320591
412,sao gabriel da cachoeira,-0.1303,-67.0892,75.54,92,91,1.57,BR,1706320591
413,contamana,-7.3333,-75.0167,80.17,72,95,3.11,PE,1706320591
414,nuku'alofa,-21.1333,-175.2,84.54,89,40,9.22,TO,1706320591
415,xinyuan,37.3,99.0,6.57,13,0,3.38,CN,1706320592
416,tabou,4.423,-7.3528,80.15,83,9,5.32,CI,1706320592
417,vila velha,-20.3297,-40.2925,76.95,93,100,5.01,BR,1706320592
418,tobelo,1.7284,128.0095,81.95,76,80,10.96,ID,1706320592
419,ujae,8.9322,165.7642,79.07,62,99,9.73,MH,1706320592
420,howard springs,-12.497,131.047,85.91,81,100,12.53,AU,1706320592
421,mogocha,53.7333,119.7667,1.44,85,100,1.77,RU,1706320593
422,sisimiut,66.9395,-53.6735,-8.34,95,100,8.97,GL,1706320593
423,sason,38.3364,41.413,37.8,99,100,4.45,TR,1706320593
424,illizi,26.4833,8.4667,44.4,37,0,4.88,DZ,1706320593
425,tan-tan,28.438,-11.1032,62.58,28,0,5.21,MA,1706320593
426,trairi,-3.2778,-39.2689,79.65,84,58,7.7,BR,1706320593
427,kaniv,49.7518,31.46,30.9,95,98,7.58,UA,1706320594
428,stolin,51.8912,26.846,23.27,97,98,2.35,BY,1706320594
429,antsiranana,-12.2787,49.2917,75.18,89,16,2.75,MG,1706320594
430,kourou,5.1552,-52.6478,80.65,79,10,8.23,GF,1706320594
431,alghero,40.5589,8.3181,42.89,100,11,2.3,IT,1706320594
432,shimoda,34.6667,138.95,48.56,78,100,3.89,JP,1706320594
433,leirvik,59.7798,5.5005,45.63,89,100,12.1,NO,1706320595
434,krapivinskiy,54.9992,86.8133,-6.41,99,54,3.36,RU,1706320595
435,careiro da varzea,-3.2003,-59.8119,79.43,96,100,4.63,BR,1706320595
436,aleksandrovsk,59.158,57.5624,6.66,96,100,3.29,RU,1706320595
437,robertsport,6.7533,-11.3686,81.45,84,4,4.76,LR,1706320595
438,barcelos,41.5388,-8.6151,57.69,67,100,5.01,PT,1706320595
439,makar'yev,57.8797,43.8069,10.9,97,100,2.8,RU,1706320596
440,howrah,22.5892,88.3103,57.2,77,40,3.44,IN,1706320596
441,labrador city,52.9463,-66.9114,4.91,85,75,3.44,CA,1706320596
442,veseloyarsk,51.2836,81.1056,16.7,90,100,11.27,RU,1706320596
443,lakatoro,-16.0999,167.4164,83.77,68,100,12.75,VU,1706320596
444,justo daract,-33.8594,-65.1828,75.74,37,0,22.41,AR,1706320596
445,ironwood,46.4547,-90.171,32.81,100,100,0.0,US,1706320596
446,zambezi,-13.5432,23.1047,64.15,76,94,2.26,ZM,1706320597
447,smithers,54.7804,-127.1743,39.52,81,100,6.91,CA,1706320597
448,lincoln city,44.9582,-124.0179,57.85,97,100,15.99,US,1706320597
449,sabang,5.8933,95.3214,81.52,80,93,18.41,ID,1706320597
450,guayaramerin,-10.8368,-65.3614,73.38,99,99,2.21,BO,1706320597
451,kapuskasing,49.4169,-82.4331,28.49,86,100,2.3,CA,1706320597
452,belyy yar,53.6039,91.3903,-20.31,76,90,0.0,RU,1706320597
453,sinop,41.7711,34.8709,32.4,94,100,5.14,TR,1706320598
454,ceres,37.5949,-120.9577,60.75,74,0,0.0,US,1706320598
455,guarapari,-20.6667,-40.4975,76.89,91,100,6.49,BR,1706320598
456,pyetrykaw,52.1289,28.4921,21.9,99,97,3.0,BY,1706320598
457,taksimo,56.3444,114.8794,2.53,93,96,2.55,RU,1706320598
458,mazyr,52.0495,29.2456,25.36,97,96,4.43,BY,1706320598
459,san mariano,7.5,126.0,77.0,74,100,8.52,PH,1706320599
460,brazzaville,-4.2658,15.2832,74.44,92,44,0.54,CG,1706320599
461,portland,45.5234,-122.6762,50.29,94,100,19.57,US,1706320318
462,asmara,15.3333,38.9333,51.87,71,98,1.74,ER,1706320599
463,rouissat,31.9243,5.3502,48.27,53,0,3.44,DZ,1706320599
464,luanda,-8.8368,13.2343,80.6,85,97,3.44,AO,1706320599
465,gizo,-8.103,156.8419,85.66,65,99,5.66,SB,1706320600
466,bereznik,62.8551,42.7072,9.32,98,96,1.79,RU,1706320600
467,arkalyk,50.2486,66.9114,-2.79,100,100,10.67,KZ,1706320600
468,bunia,1.5667,30.25,66.79,47,40,2.93,CD,1706320600
469,hermanus,-34.4187,19.2345,64.8,90,8,7.09,ZA,1706320600
470,palikir - national government center,6.9248,158.1611,90.34,62,75,8.05,FM,1706320600
471,okha,53.5739,142.9478,9.41,87,100,9.35,RU,1706320600
472,luba,3.4568,8.5547,80.42,81,10,2.68,GQ,1706320600
473,pout,14.7739,-17.0603,79.56,17,4,11.5,SN,1706320601
474,juan griego,11.0817,-63.9655,75.63,89,5,9.4,VE,1706320601
475,carauari,-4.8828,-66.8958,74.12,99,100,2.04,BR,1706320601
476,basoko,1.2391,23.616,76.08,62,52,0.13,CD,1706320601
477,angaur state,6.906,134.13,76.89,95,100,26.98,PW,1706320601
478,calvinia,-31.4707,19.776,70.36,53,11,3.65,ZA,1706320601
479,batang,-6.4846,110.7083,83.75,75,88,10.38,ID,1706320602
480,kiruna,67.8557,20.2251,14.92,92,100,9.22,SE,1706320602
481,san patricio,28.017,-97.5169,64.49,92,100,5.97,US,1706320602
482,princeton,25.5384,-80.4089,75.99,89,40,8.05,US,1706320361
483,acarau,-2.8856,-40.12,80.8,81,91,11.54,BR,1706320602
484,gwalior,26.2236,78.1792,50.95,55,4,1.81,IN,1706320602
485,laguna,38.421,-121.4238,57.61,80,0,4.61,US,1706320602
486,murun-kuren,49.6342,100.1625,-10.37,85,28,2.95,MN,1706320603
487,auki,-8.7676,160.7034,86.47,61,100,4.23,SB,1706320603
488,cam ranh,11.9214,109.1591,76.96,69,75,14.97,VN,1706320603
489,kerikeri,-35.2268,173.9474,73.42,58,100,7.16,NZ,1706320603
490,bel ombre,-4.6167,55.4167,82.15,73,7,3.53,SC,1706320603
491,hadibu,12.65,54.0333,75.54,79,8,7.31,YE,1706320603
492,berezovyy,51.6667,135.7,11.91,74,18,0.96,RU,1706320603
493,madang,-5.2246,145.7966,84.58,74,53,3.11,PG,1706320603
494,bathsheba,13.2167,-59.5167,77.61,88,40,17.27,BB,1706320604
495,gibara,21.1097,-76.1317,77.04,78,0,17.45,CU,1706320604
496,kencong,-8.2833,113.3667,80.22,84,96,0.18,ID,1706320604
497,tshikapa,-6.4167,20.8,69.93,88,100,1.23,CD,1706320604
498,sitka,57.0531,-135.33,48.09,71,100,18.41,US,1706320604
499,malango,-2.9627,119.9001,80.42,63,100,2.42,ID,1706320604
500,pandan,14.0453,124.1694,79.05,61,77,16.08,PH,1706320604
501,taroa,8.7058,171.2275,79.29,75,95,12.91,MH,1706320604
502,al kharijah,25.4514,30.5464,50.16,61,4,5.77,EG,1706320604
503,lebu,-37.6167,-73.65,58.75,93,5,8.77,CL,1706320605
504,puerto cabezas,14.0351,-83.3888,77.23,90,26,8.93,NI,1706320605
505,bermeo,43.4209,-2.7215,52.23,85,99,6.31,ES,1706320605
506,gamba,-2.65,10.0,78.93,89,86,4.03,GA,1706320605
507,kimbe,-5.5502,150.1429,85.93,71,100,3.91,PG,1706320605
508,yerofey pavlovich,53.9667,121.9667,2.34,80,97,0.13,RU,1706320606
509,brownwood,31.7093,-98.9912,51.12,97,100,11.5,US,1706320606
510,barpali,21.2,83.5833,57.79,51,76,4.03,IN,1706320606
511,minot air force base,48.4209,-101.3391,32.18,74,100,12.66,US,1706320606
512,khovd,48.0056,91.6419,-8.82,84,6,0.34,MN,1706320606
513,waspan,14.7419,-83.9717,73.33,96,6,2.46,NI,1706320606
514,erwin,36.1451,-82.4168,56.71,93,100,1.48,US,1706320606
515,orsa,54.5153,30.4053,25.57,97,100,3.91,BY,1706320607
516,east grand forks,47.93,-97.0245,25.02,94,75,10.36,US,1706320607
517,lorengau,-2.0226,147.2712,84.27,76,98,5.84,PG,1706320607
518,xam nua,20.4197,104.0439,54.72,95,98,2.8,LA,1706320607
519,dakhla,23.6848,-15.958,68.45,38,71,14.65,EH,1706320607
520,maloye ganyushkino,46.6,49.2667,27.45,82,100,7.56,KZ,1706320607
521,codrington,-38.2667,141.9667,69.46,48,78,19.66,AU,1706320607
522,whangarei,-35.7317,174.3239,74.86,54,100,4.07,NZ,1706320608
523,ta`u,-14.2336,-169.5144,83.75,79,100,12.88,AS,1706320608
524,george town,5.4112,100.3354,84.13,76,20,9.22,MY,1706320608
525,savalou,7.9281,1.9756,78.39,22,69,7.27,BJ,1706320608
526,saint-pierre,-21.3393,55.4781,76.68,94,75,16.11,RE,1706320608
527,maintirano,-18.0667,44.0167,78.3,78,27,4.63,MG,1706320608
528,pihuamo,19.2499,-103.3828,68.88,50,0,2.19,MX,1706320608
529,whitby,54.4877,-0.615,44.31,85,13,5.01,GB,1706320609
530,ruelle-sur-touvre,45.6833,0.2333,49.48,92,100,0.0,FR,1706320609
531,shahpur,16.7,76.8333,69.31,71,100,5.1,IN,1706320609
532,alice springs,-23.7,133.8833,85.55,23,100,11.5,AU,1706320609
533,cannonvale,-20.2833,148.7,85.39,76,100,14.18,AU,1706320609
534,quang ngai,15.1167,108.8,72.61,83,100,5.99,VN,1706320609
535,barentu,15.1139,37.5928,62.2,35,96,4.14,ER,1706320609
536,fort mcmurray,56.7268,-111.381,24.39,93,100,9.22,CA,1706320525
537,beau vallon,-20.4189,57.6953,79.03,94,40,6.91,MU,1706320610
538,colonia,50.9333,6.95,39.85,81,0,1.14,DE,1706320610
539,mandalgarh,25.2,75.1,54.25,44,79,3.56,IN,1706320610
540,ierapetra,35.01,25.7353,57.15,51,4,13.0,GR,1706320610
541,farasan,16.7022,42.1183,79.3,76,80,13.33,SA,1706320610
542,ha'il,27.5219,41.6907,44.62,70,0,6.91,SA,1706320610
543,acapulco de juarez,16.8634,-99.8901,77.61,80,0,6.29,MX,1706320392
544,robbah,33.2797,6.9098,51.44,38,0,7.63,DZ,1706320611
545,chany,55.3121,76.7647,0.54,96,38,7.74,RU,1706320611
546,nadi,-17.8,177.4167,89.6,51,40,6.91,FJ,1706320611
547,sittwe,20.15,92.9,65.12,70,17,6.8,MM,1706320611
548,ban chang,12.7254,101.0553,81.48,73,75,3.44,TH,1706320611
549,kalmunai,7.4167,81.8167,76.03,82,47,8.3,LK,1706320611
550,tommot,58.9564,126.2925,-7.31,95,98,8.05,RU,1706320612
551,qui nhon,13.7667,109.2333,74.26,81,31,15.1,VN,1706320612
552,zaio,34.9428,-2.7329,53.58,55,1,0.6,MA,1706320612
553,gewane,10.1664,40.6453,76.53,58,66,9.82,ET,1706320612
554,kilju,40.9642,129.3278,30.02,62,13,1.83,KP,1706320612
555,thaton,16.9206,97.3714,76.14,59,6,4.47,MM,1706320612
556,carnarvon,-24.8667,113.6333,86.72,41,0,9.55,AU,1706320613
557,yeppoon,-23.1333,150.7333,89.38,73,85,13.44,AU,1706320613
558,palmer,42.1584,-72.3287,38.75,86,100,3.44,US,1706320613
559,smidovich,48.6,133.8167,-5.75,95,66,1.77,RU,1706320613
560,namtsy,62.7161,129.6658,-13.67,94,100,6.71,RU,1706320613
561,clodomira,-27.5744,-64.1311,78.21,27,0,11.01,AR,1706320613
562,khabez,44.0434,41.772,29.07,90,100,3.31,RU,1706320613
563,sernancelhe,40.921,-7.5123,41.31,81,100,4.27,PT,1706320613
564,altay,47.8667,88.1167,6.84,51,22,6.4,CN,1706320614
565,ca mau,9.1769,105.15,82.96,52,11,16.08,VN,1706320614
566,porto franco,-6.3383,-47.3992,73.92,97,100,3.33,BR,1706320614
567,biograd na moru,43.9433,15.4519,45.75,83,100,4.7,HR,1706320614
568,aripuana,-9.1667,-60.6333,73.27,100,100,2.91,BR,1706320614
569,springbok,-29.6643,17.8865,70.63,50,43,2.55,ZA,1706320614
570,durban,-29.8579,31.0292,68.92,87,0,10.42,ZA,1706320614
571,mednogorsk,51.4128,57.595,3.65,85,100,2.26,RU,1706320614
572,taslicay,39.6336,43.375,21.87,92,97,5.32,TR,1706320615
573,lazaro cardenas,17.9583,-102.2,74.97,81,0,3.65,MX,1706320501
574,ammon,43.4696,-111.9666,32.05,80,40,4.61,US,1706320615
575,le puy-en-velay,45.0437,3.8852,47.26,99,100,2.82,FR,1706320615
576,ibi,38.6253,-0.5723,53.74,56,86,0.83,ES,1706320615
577,ariquemes,-9.9133,-63.0408,73.69,99,100,1.52,BR,1706320615
578,claveria,18.6074,121.0832,74.86,66,88,13.65,PH,1706320615
579,yuza,39.0,139.9167,41.05,78,100,12.26,JP,1706320616
580,yuzhno-kurilsk,44.0306,145.8556,28.38,85,89,23.8,RU,1706320616
581,altai,46.3722,96.2583,1.98,35,0,2.35,MN,1706320616
582,hobyo,5.3505,48.5268,80.13,82,96,9.86,SO,1706320616
583,richards bay,-28.783,32.0377,71.73,85,3,10.85,ZA,1706320616
584,rio gallegos,-51.6226,-69.2181,60.85,44,0,31.07,AR,1706320616
585,vanimo,-2.6741,141.3028,83.57,73,100,2.89,PG,1706320616
586,hengyang,26.8881,112.615,38.21,96,100,1.59,CN,1706320616
587,lagoa,39.05,-27.9833,61.32,86,100,18.01,PT,1706320617
588,kletnya,53.3897,33.2171,24.1,97,99,3.78,RU,1706320617
589,wajir,1.7471,40.0573,78.8,67,58,12.55,KE,1706320617
590,nantucket,41.2835,-70.0995,42.94,100,100,8.05,US,1706320617
591,arris,35.2588,6.3471,52.79,33,9,5.84,DZ,1706320617
